"";"ID_espece";"Nom_scientifique.x";"Milieu_recolte.x";"T_ambiante.x";"Vent.x";"Humidite.x";"DI.x";"DI_test.x";"score_DI.x";"BT.x";"BT_test.x";"MT.x";"BB.x";"BB_test.x";"FI.x";"Nb_ramifications.x";"SD.x";"TMC_t0.x";"TMC_t24.x";"TDMC.x";"TD.x";"TDIA.x";"Gmin.x";"LMC_t0.x";"LMC_t24.x";"PEF.x";"LDMC.x";"Surface_F.x";"SLA.x";"LT.x";"VPD.x";"Nb_FI";"Nom_scientifique.y";"Milieu_recolte.y";"T_ambiante.y";"Vent.y";"Humidite.y";"DI.y";"DI_test.y";"score_DI.y";"BT.y";"BT_test.y";"MT.y";"BB.y";"BB_test.y";"FI.y";"Nb_ramifications.y";"SD.y";"TMC_t0.y";"TMC_t24.y";"TDMC.y";"TD.y";"TDIA.y";"Gmin.y";"LMC_t0.y";"LMC_t24.y";"PEF.y";"LDMC.y";"Surface_F.y";"SLA.y";"LT.y";"VPD.y";"coefMT";"coefBB";"coefBT";"coefDI";"coefSLA";"coefLA";"coefLDMC";"coefLMC_t24";"coefTD";"coefLT"
"1";1;"Mangifera indica";"I";30,2;5,7;75,1;8,83;1,17;8,83;19,33;19,33;758,95;57,5;57,5;1;7;NA;155,04;128,28;403,6;0,4;7,02;7,93;152,52;119,4;13,29;404,54;56,68;10427,62;41,74;1,07;6;"Mangifera indica";"I";0;0;0;0,26;0,26;0,26;6,89;6,89;77,02;16,96;16,96;0;4,2;NA;52,6;33,17;67,7;0,05;0,81;2,15;27,71;27,51;2,6;48,89;28,44;1465,36;12,18;0;10,1482311087687;29,495652173913;35,644076564925;22,2222222222222;14,0526793266345;50,1764290755116;12,0853314876156;23,0402010050251;12,5;29,1806420699569
"2";2;"Terminalia catappa";"I";31,7;2,5;66;8,9;1,1;8,9;19,2;19,2;630,4;28;28;1;2,2;NA;168,34;141,9;420,41;0,47;8,76;24,43;230,98;163,29;20,69;304,74;264,97;12764,71;24,57;1,59;5;"Terminalia catappa";"I";0;0;0;0,22;0,22;0,22;5,97;5,97;78,3;10,95;10,95;0;1,64;NA;128,61;99,91;125,34;0,11;2,27;12,54;21,84;30;5,77;21,02;63,81;1659,97;4,85;0;12,4206852791878;39,1071428571429;31,09375;20;13,0043690769316;24,0819715439484;6,8976832709851;18,3722212015433;23,4042553191489;19,7395197395197
"3";3;"Alphitonia neocaledonica";"M";31,8;4,2;54,9;9;1;9;97,83;97,83;820,22;80;80;1;10,17;3,3;77,32;64,36;564,8;0,74;14,31;18,47;95,01;49,67;23,52;515,18;21,55;4805,84;117,84;2,12;6;"Alphitonia neocaledonica";"M";0;0;0;0;0;0;28,06;28,06;48,34;20;20;0;5,04;1,49;7,54;5,02;24,26;0,16;2,94;9,03;10,05;13,78;3,9;26,11;5,4;1490,31;38,34;0;5,89354075735778;25;28,6824082592252;0;31,0103956852496;25,0580046403712;5,06813152684499;27,7431044896316;21,6216216216216;32,5356415478615
"4";4;"Grevillea rubiginosa";"M";31,8;4,2;54,9;8,33;1,67;8,33;68,67;68,67;750,45;55,83;55,83;1;11,83;2,94;75,33;63,42;571,11;0,75;13,48;76,2;100,88;17,66;41,24;500,52;15,56;4484,81;113,39;2,12;6;"Grevillea rubiginosa";"M";0;0;0;0,75;0,75;0,75;23,33;23,33;90,08;33,23;33,23;0;5,78;0,75;7,03;4,7;22,6;0,11;1,99;11,56;14,44;5,46;3,62;34,35;4,05;429,05;15,15;0;12,0034645879139;59,5199713415726;33,9740789282074;44,9101796407186;9,56673749835556;26,0282776349614;6,86286262287221;30,9173272933182;14,6666666666667;13,3609665755358
"5";5;"Codia spatulata";"M";31,8;4,2;54,9;8,33;1,67;8,33;64,17;64,17;785,05;62,5;62,5;1;9,83;5,05;81,09;67,98;553,61;0,74;13,78;21,82;111,44;70,75;19,29;473,65;18,25;4727,77;101,36;2,12;6;"Codia spatulata";"M";0;0;0;1,63;1,63;1,63;18,86;18,86;78,55;29,11;29,11;0;1,6;1,89;10,03;9,77;29,91;0,1;1,9;11,81;5,4;12,85;7,31;12,07;4,03;213,54;4,96;0;10,0057321189733;46,576;29,3906810035842;97,6047904191617;4,51671718378855;22,0821917808219;2,54829515465006;18,1625441696113;13,5135135135135;4,89344909234412
"6";6;"Geissois pruinosa";"M";31,8;4,2;54,9;8,33;1,67;8,33;75,17;75,17;789,67;69,17;69,17;1;3,33;9,46;94,71;82,19;513,81;0,76;14,33;22,92;158,28;102,34;22,05;391,94;35,44;5882,94;69,65;2,12;6;"Geissois pruinosa";"M";0;0;0;0,26;0,26;0,26;39,99;39,99;38,73;24,78;24,78;0;2,8;3,29;4,36;4,76;11,58;0,11;1,91;8,95;27,72;33,1;6,09;41,24;7,82;1045,18;17,06;0;4,90458039434194;35,8247795286974;53,1994146601038;15,5688622754491;17,7662869245649;22,0654627539503;10,522018676328;32,34316982607;14,4736842105263;24,4938980617373
"7";7;"Araucaria columnaris";"";31,1;4,6;73,5;7;1,83;8,17;95,5;96,67;448,53;24,17;24,17;0,83;1;25,93;80,37;68,56;556,9;0,84;16,44;3,24;114,7;105,68;4,14;469,26;43,13;4464,61;133,65;1,2;5;"Araucaria columnaris";"";0;0;0;3,44;0,61;0,61;90,04;88,59;269,64;28,88;28,88;0,41;1,55;9,11;13,28;8,67;40,42;0,07;1,88;1,34;12,12;9,08;1,57;27,46;18,96;2162,01;35,38;0;60,1163801752391;119,486967314853;91,6416675287059;33,3333333333333;48,4255063712172;43,9601205657315;5,85176661126028;8,59197577592733;8,33333333333333;26,4721286943509
"8";8;"Casuarina collina";"";29,6;3,8;71,9;9,5;0,5;9,5;38;38;702,62;94,17;94,17;1;23,33;4,52;70,81;51,11;586,74;0,5;8,97;11,55;110,58;29,53;38,31;478,88;4,52;12421,98;44,89;1,17;6;"Casuarina collina";"";1,64;0,88;1,75;0;0;0;26,41;26,41;132,92;2,04;2,04;0;6,65;3,06;8,85;5,65;29,68;0,16;2,7;4,82;9,5;15,47;5,97;21,28;2,02;4082,07;13,41;0,04;18,9177649369503;2,16629499840714;69,5;0;32,8616693957002;44,6902654867257;4,44370197126629;52,3874026413816;32;29,8730229449766
"9";9;"Arillastrum gummiferum ";"M";28,32;3,5;77,32;8,75;1,25;8,75;33;33;750,67;42,5;42,5;1;8,33;5,99;78,22;66,56;561,32;0,91;12,55;8,55;126,36;88,6;16,84;445,86;57,61;5769,98;82,71;0,88;6;"Arillastrum gummiferum ";"M";1,23;1,22;4,17;0,61;0,61;0,61;15,07;15,07;108,45;24,44;24,44;0;1,97;1,88;3,78;4,04;12,09;0,19;2,09;3,58;22,45;23,58;3,03;46,04;7;1119,72;18,85;0,23;14,447093929423;57,5058823529412;45,6666666666667;48,8;19,4059598126857;12,1506682867558;10,3261113353968;26,6139954853273;20,8791208791209;22,7904727360658
"10";10;"Hibbertia lucens";"M";28,32;2,25;77,32;9,08;0,92;9,08;43;43;796,5;60,83;60,83;1;9,5;4,72;96,72;77,7;508,9;1,02;11,97;54,32;200,94;75,89;42,28;337,08;8,8;7140,32;48,77;0,88;6;"Hibbertia lucens";"M";1,23;0,82;4,17;0,2;0,2;0,2;8,05;8,05;42,82;16,86;16,86;0;1,87;1,33;7,23;6,55;17,99;0,2;2,47;15,22;19,24;33,49;9,4;22,36;1,91;521,05;6,7;0,23;5,37602008788449;27,7165872102581;18,7209302325581;21,7391304347826;7,29729199811773;21,7045454545454;6,63344013290614;44,1296613519568;19,6078431372549;13,7379536600369
"11";11;"Metrosideros laurifolia";"M";28,32;2,67;77,32;7,83;2,17;7,83;56,5;56,5;681,17;26,67;26,67;1;7,17;6,67;78,63;66,55;561,32;1,06;15,79;20,82;137,43;106,02;13,34;422,94;54,02;3766,4;114,91;0,88;6;"Metrosideros laurifolia";"M";1,23;1,57;4,17;0,68;0,68;0,68;50,14;50,14;167,27;28,05;28,05;0;3,25;1,72;10,06;8,99;32,23;0,13;1,57;6,2;16,27;22,14;5,54;28,1;25,22;481,8;22,37;0,23;24,5562781684455;105,174353205849;88,7433628318584;31,3364055299539;12,7920560747664;46,6864124398371;6,64396841159503;20,8828522920204;12,2641509433962;19,4674092768253
"12";12;"Tristaniopsis glauca";"M";28,32;2,75;77,32;9;1;9;64,83;64,83;775,83;86,17;86,17;1;8,17;3,67;54,47;42,95;648,21;0,86;11,39;20,07;91,68;50,2;21,87;522,46;15,84;3692,81;143,24;0,88;6;"Tristaniopsis glauca";"M";1,23;1,75;4,17;0;0;0;21,33;21,33;52,1;11,32;11,32;0;1,17;1,23;6,07;3,27;25,59;0,12;1,66;2,5;5,46;16,16;6,98;15,11;4,2;344,44;16,55;0,23;6,71538868050991;13,1368225600557;32,9014345210551;0;9,32731442993276;26,5151515151515;2,89208743253072;32,191235059761;13,953488372093;11,5540351857023
"13";13;"Calophyllum inophyllum";"G";28,5;3,2;68,1;9,1;0,9;9,1;33,6;33,6;622,58;78;78;1;1,6;14,43;126,98;106,94;442,46;0,6;11,59;9,27;144,14;105,03;16,09;415,76;110,17;6810,62;63,82;1,24;5;"Calophyllum inophyllum";"G";0;0;0;0,22;0,22;0,22;14,6;14,6;89,78;4,47;4,47;0;1,14;5,89;16,7;16,82;32,16;0,05;1,06;3,93;13,27;16,75;4,04;25,78;19,88;371,72;9,49;0;14,420636705323;5,73076923076923;43,4523809523809;24,4444444444444;5,4579465599314;18,0448397930471;6,20069270733115;15,9478244311149;8,33333333333333;14,8699467251645
"14";14;"Santalum austrocaledonicum";"";28,5;3,2;68,1;9;1;9;28,5;28,5;603,6;35;35;1;11,33;3,13;88,43;66,19;532,03;0,53;9,71;25,5;234,06;149,62;25,36;302,79;8,4;10106,48;30,89;1,24;6;"Santalum austrocaledonicum";"";0;0;0;0,32;0,32;0,32;14,05;14,05;90,12;24,49;24,49;0;2,73;1,42;10,28;11,25;29,5;0,11;2;12,68;35,13;33,69;3,93;34,14;2,25;1666,42;6,61;0;14,9304174950298;69,9714285714286;49,2982456140351;32;16,4886290775819;26,7857142857143;11,2751411869613;22,517043176046;20,7547169811321;21,3985108449336
"15";15;"Syzygium cumini";"I";28,5;3,2;68,1;9,33;0,67;9,33;25,83;25,83;725,15;63,33;63,33;1;4,5;3,28;114,88;86,21;466,25;0,43;7,87;14,99;181,16;146,44;12,27;359,86;70,89;10230,6;37,25;1,24;6;"Syzygium cumini";"I";0;0;0;0,26;0,26;0,26;8,21;8,21;65,23;22,06;22,06;0;2,26;1,21;10,32;8,79;21,88;0,11;1,42;8,77;29,68;24,02;2,19;39,93;13,4;1849,58;11,75;0;8,99538026615183;34,8334122848571;31,7847464188928;38,8059701492537;18,0789005532422;18,9025250387925;11,0959817706886;16,4026222343622;25,5813953488372;31,5436241610738
"16";16;"Hibiscus tiliaceus V";"";28,5;3,2;68,1;9;1;9;42,33;42,33;719,02;75,83;75,83;1;5,17;4,49;150,34;133,44;401,54;0,62;12,61;16,77;193,64;101,04;31,84;343,89;152,2;12588,61;28,46;1,24;6;"Hibiscus tiliaceus V";"";0;0;0;0,55;0,55;0,55;16,74;16,74;37,12;10,21;10,21;0;1,6;1,29;19,98;21,25;31,37;0,11;1,63;6,37;14,98;21,46;7,13;15,35;25,47;1236,53;3,15;0;5,16258240382743;13,4643281023342;39,5464209780298;55;9,82260948587652;16,7345597897503;4,46363662799151;21,2391132224861;17,741935483871;11,0681658468025
"17";17;"Barringtonia asiatica";"G";26,3;1,5;81,7;4,17;4,17;5,83;9,83;11,5;331,75;4,67;5,83;0,67;2;4,92;215,83;193,71;321,18;0,84;16,72;3,27;324,13;304,66;4,59;237,58;377,08;9536,19;25,59;0,63;4;"Barringtonia asiatica";"G";0;0;0;3,43;1,83;1,83;8,75;6,75;176,51;4,55;3,43;0,52;1,67;1,22;43,33;45,6;40,11;0,14;2,82;2,16;34,45;32,31;0,6;19,6;34,43;1245,88;5,4;0;53,20572720422;58,8336192109777;58,695652173913;43,8848920863309;13,064756469827;9,13068844807468;8,24985268120212;10,6052648854461;16,6666666666667;21,1019929660023
"18";18;"Leucaena leucocephala";"I";26,3;1,5;81,7;9,5;0,5;9,5;27;27;655,27;76,67;76,67;1;16,33;2,67;117,83;98,35;465,02;0,51;11,75;77,67;284,62;24,06;66,45;277,47;0,26;24114,61;12,34;0,63;6;"Leucaena leucocephala";"I";0;0;0;0;0;0;6,16;6,16;55,79;14,38;14,38;0;4,59;1,21;25,98;20,49;59,91;0,1;2,48;10,48;104,8;16,49;6,45;80,32;0,06;5509,54;5,14;0;8,51404764448243;18,7557062736403;22,8148148148148;0;22,8473112358027;23,0769230769231;28,9472735791257;68,5369908561928;19,6078431372549;41,6531604538088
"19";19;"Acropogon bullatus";"";29,1;1,5;68,8;4,42;3,75;6,25;25,33;27,17;464,12;15,83;17;0,67;1,67;10,76;150,36;132,84;401,5;0,99;18,41;6,56;177,51;150,3;9,8;363,52;174,54;8185,96;46,58;1,26;4;"Acropogon bullatus";"";0;0;0;3,61;1,33;1,33;39,58;38,25;261,73;31,53;30,89;0,52;1,51;3,09;20,08;15,58;31,12;0,19;3,59;5,95;16,39;12,84;1,56;23,06;41,11;1147,54;9,86;0;56,3927432560545;181,705882352941;140,78027235922;35,4666666666667;14,0183924671022;23,5533402085482;6,34352992957746;8,54291417165669;19,1919191919192;21,1678832116788
"20";20;"Cerbera manghas";"G";29,1;1,5;68,8;5,67;1,25;8,75;12,83;16;424,57;10;15;0,67;3,33;5,43;223,47;201,5;333,02;0,75;15,92;2,8;281,45;251,62;7,8;263,52;68,34;13831,25;19,61;1,26;4;"Cerbera manghas";"G";0;0;0;4,46;0,88;0,88;11,69;7,95;246,99;8,37;4,47;0,52;1,86;1,97;80,51;75,77;117,15;0,12;2,89;1,15;15,95;16,34;1,92;12,19;15,64;1801,55;3,43;0;58,1741526721153;29,8;49,6875;70,4;13,0252146407592;22,8855721393035;4,62583485124469;6,49391940227327;16;17,491075981642
"21";21;"Scaevola taccada";"G";29,1;1,5;68,8;0,83;9,17;0,83;0,83;0,83;150;0,17;0,17;0;4;11,41;243,76;219,39;292,8;0,65;13,25;14,51;775,09;673,62;11,8;116,6;48,76;17147,24;7,05;1,26;0;"Scaevola taccada";"G";NA;NA;NA;NA;NA;NA;NA;NA;NA;NA;NA;NA;NA;NA;NA;NA;NA;NA;NA;NA;NA;NA;NA;NA;NA;NA;NA;NA;NA;NA;NA;NA;NA;NA;NA;NA;NA;NA
"22";22;"Acacia spirorbis";"L";29,1;1,5;68,8;9,33;0,67;9,33;54,67;54,67;656,47;58,33;58,33;1;13,33;3,07;74,53;59,64;574,04;0,59;11,12;11,88;226,52;163,18;19,37;313,55;7,76;10328,33;33,18;1,26;6;"Acacia spirorbis";"L";0;0;0;0,26;0,26;0,26;41,02;41,02;70,62;10,33;10,33;0;1,63;1,15;8,17;6,71;27,47;0,07;1,85;7,11;32,75;25,52;3,94;35,38;1,46;1595,22;9,9;0;10,7575365210901;17,709583404766;75,0320102432779;38,8059701492537;15,4450913167956;18,8144329896907;11,2836868123106;15,6391714670916;11,864406779661;29,8372513562387
"23";23;"Melaleuca quinquenervia";"";28,1;3;70,3;9,25;0,75;9,25;63,17;63,17;780,03;68,33;68,33;1;10,33;3,27;125,17;100,82;446,79;0,64;12,88;26,82;120,4;64,96;25,1;455,23;10,01;4900,4;94,91;1,13;6;"Melaleuca quinquenervia";"";0;0;0;0,27;0,27;0,27;7,65;7,65;23,75;15,06;15,06;0;3,27;1,31;18,77;19,72;38,86;0,08;1,94;9,03;10,99;13,02;6,2;22,93;2,86;548,46;15,97;0;3,04475468892222;22,0400995170496;12,1101788823809;36;11,1921475797894;28,5714285714286;5,03701425652967;20,0431034482759;12,5;16,8264671794331
"24";24;"Pinus caribea";"I";28,1;3;70,3;9,5;0,5;9,5;103,33;103,33;902;77,5;77,5;1;4,5;8;86,4;78,19;537,57;0,71;15,29;9,66;129,41;111,12;8,01;437,77;4,91;7626,93;58,06;1,13;6;"Pinus caribea";"I";0;0;0;0;0;0;49,1;49,1;69,74;23,4;23,4;0;4,51;2,37;9,25;9,36;26,14;0,1;2,01;3;12,86;16,07;3,4;23,38;0,85;572,04;5,81;0;7,73170731707317;30,1935483870968;47,51766186006;0;7,50026550656686;17,3116089613035;5,3407040226603;14,4618430525558;14,0845070422535;10,006889424733
"25";25;"Ficus habrophyla";"F";26,4;4;67,1;8,92;1,08;8,92;24,5;24,5;685,33;48,33;48,33;1;0,83;7,17;192,74;176,03;342,03;0,86;16,54;21,47;181,89;120,59;22,31;359,99;401,3;9743,38;38,57;1,13;6;"Ficus habrophyla";"F";0;0;0;0,2;0,2;0,2;8,26;8,26;33,07;30,44;30,44;0;1,33;2;11,33;8,58;13,35;0,18;2,91;16,68;27,8;35,25;6,77;36,01;108,5;1150,36;8,37;0;4,82541257496389;62,9836540451066;33,7142857142857;18,5185185185185;11,806580467969;27,0371293296785;10,0030556404345;29,2312795422506;20,9302325581395;21,7008037334716
"26";26;"Elattostachys apetala";"F";26,4;4;67,1;9,5;0,5;9,5;37;37;785,67;80;80;1;3,33;2,62;95,99;78,33;510,61;0,55;10,26;11,55;147,53;109,8;15,19;410,17;33,65;12700,76;33,49;1,13;6;"Elattostachys apetala";"F";0;0;0;0;0;0;18,41;18,41;37,24;8,94;8,94;0;2,07;0,63;5,96;5,83;15,2;0,06;0,97;6,53;6,72;5,74;1,55;13,5;8,71;1210,17;3,42;0;4,73990352183487;11,175;49,7567567567568;0;9,52832743867296;25,8841010401189;3,29131823390302;5,22768670309654;10,9090909090909;10,2120035831592
"27";27;"Neuburgia novocaledonica";"F";26,4;4;67,1;4,75;0,5;9,5;6,33;11,33;249,1;16,67;32,5;0,33;2,5;6,18;193,87;165,12;350,04;0,58;12,36;33,76;397,04;257,32;28,3;203,35;147,76;15496,63;13,54;1,13;2;"Neuburgia novocaledonica";"F";0;0;0;5,2;0;0;7,09;2,07;163,04;21,83;12,94;0,52;1,52;2,97;61,87;44,31;55,71;0,14;4,42;5,77;35,48;35,45;8,62;15,81;44,46;1235,23;2,17;0;65,4516258530711;39,8153846153846;18,270079435128;0;7,97095884718161;30,0893340552247;7,77477255962626;13,7766205502876;24,1379310344828;16,02658788774
"28";28;"Archidendropsis granulosa";"F";26,4;4;67,1;9,5;0,5;9,5;28;28;704,23;88,33;88,33;1;7,83;1,81;86,36;68,42;538,62;0,52;9,56;16,44;130,44;41,65;38,39;435,02;0,43;13711,39;32,52;1,13;6;"Archidendropsis granulosa";"F";0;0;0;0;0;0;13,08;13,08;112,92;9,31;9,31;0;1,94;0,58;12,59;14,29;36,1;0,08;1,56;2,86;12,83;4,31;3,53;23,31;0,08;1988,84;6,62;0;16,0345341720745;10,5400203781275;46,7142857142857;0;14,5050210080816;18,6046511627907;5,35837432761712;10,3481392557023;15,3846153846154;20,3567035670357
"29";29;"Alstonia balansae";"";27,4;1,2;70,9;9,17;0,83;9,17;27,5;27,5;485,48;21,67;21,67;1;2,5;6,1;118,34;101,03;465,01;0,55;10,9;7,59;252,11;203,46;13,97;285,65;105,21;11204,81;26,52;1,06;6;"Alstonia balansae";"";0;0;0;0,26;0,26;0,26;23,03;23,03;133,53;21,13;21,13;0;1,05;1,28;29,7;31,75;62,05;0,04;0,87;2,24;20,54;24,51;2,68;16,23;51,12;1379,23;4,6;0;27,504737579303;97,5080756806645;83,7454545454545;31,3253012048193;12,3092671807911;48,5885372112917;5,68177840014003;12,0465939250958;7,27272727272727;17,3453996983409
"30";30;"Hernandia cordigera";"";27,4;1,2;70,9;9;1;9;17,8;17,8;671,2;15;15;1;2,8;7,84;237,41;215,51;296,8;0,83;18,18;9,49;208,93;175,19;11,06;325,88;85,35;7194,12;46,88;1,06;5;"Hernandia cordigera";"";0;0;0;0;0;0;2,95;2,95;59,73;6,12;6,12;0;1,92;3,01;14,11;17,18;12,71;0,08;0,94;5,07;24,73;25,94;1,65;26,82;15,02;1082,84;11,2;0;8,89898688915375;40,8;16,5730337078652;0;15,0517366960796;17,5981253661394;8,23002332146802;14,8067812089731;9,63855421686747;23,8907849829352
"31";31;"Fagraea berteroana";"";27,4;1,2;70,9;4,67;0,83;9,17;6,33;10,83;322,93;2,5;4,5;0,5;2,33;13,9;141,65;128,46;416,54;0,66;12,81;27,5;376,91;327,05;10,47;210,16;95,25;8749,13;24,62;1,06;3;"Fagraea berteroana";"";0;0;0;5,12;0,26;0,26;6,98;2,14;202,6;2,74;1,22;0,55;0,82;6,45;21,3;20,43;37,31;0,1;1,22;12,27;17;16,93;1,29;7,42;14,52;1187,78;4,07;0;62,7380546867742;27,1111111111111;19,7599261311173;31,3253012048193;13,5759784115678;15,244094488189;3,53064331937571;5,17657850481578;15,1515151515152;16,5312753858652
"32";32;"Guioa villosa";"M";27,4;1,2;70,9;9,25;0,75;9,25;36;36;759;84,17;84,17;1;6,5;4,2;71,57;56,55;583,41;0,44;8,05;23,35;103,97;60,7;21,25;492,52;3,52;6772,88;75,77;1,06;6;"Guioa villosa";"M";0;0;0;0,27;0,27;0,27;11,78;11,78;77,54;13,2;13,2;0;2,74;2,14;5,88;5,7;20,14;0,04;0,45;7,95;12,19;21,65;8,42;28,5;1,02;988,68;13,73;0;10,2160737812912;15,6825472258524;32,7222222222222;36;14,5976305500762;28,9772727272727;5,78656704296272;35,667215815486;9,09090909090909;18,1206282169724
"33";33;"Hibiscus tiliaceus P";"G";28,3;2,17;75,1;8,92;1,08;8,92;36,83;36,83;727,72;63,33;63,33;1;3;5,04;169,84;149,64;381,11;0,61;12,56;13,32;213,64;132,51;25,8;327,33;172,44;15602,69;22,71;0,96;6;"Hibiscus tiliaceus P";"G";0;0,41;0;0,97;0,97;0,97;17,05;17,05;43,38;26,01;26,01;0;2,37;1,36;51,57;48,87;66,33;0,17;1,96;4,28;49,76;31,89;2,37;39,81;46,9;3642,16;5,73;0;5,96108393338097;41,0705826622454;46,2937822427369;89,8148148148148;23,3431542894206;27,1978659243795;12,1620383099624;24,0661082182477;27,8688524590164;25,2311756935271
"34";34;"Hibiscus tiliaceus R";"G";27,43;1,9;75,67;9,33;0,67;9,33;28,33;28,33;720,57;64,17;64,17;1;2,33;5,53;194,73;173,56;354,34;0,52;12,19;14,91;201,66;118,51;27,34;333,94;168,58;14767;23,41;0,9;6;"Hibiscus tiliaceus R";"G";1,34;0,67;0,88;0,26;0,26;0,26;4,97;4,97;61,33;14,63;14,63;0;1,21;2,01;62,7;55,73;85,09;0,07;1,38;5,5;13,53;11,14;3,72;13,86;80,68;1836,98;3,28;0,1;8,51131742925739;22,7988156459405;17,5432403812213;38,8059701492537;12,4397643394054;47,8585834618579;4,15044618793795;9,40005062863893;13,4615384615385;14,0111063648014
"35";35;"Hibiscus tiliaceus G";"N";28,3;2,33;75,1;9,17;0,83;9,17;28,83;28,83;740,17;81,67;81,67;1;0,67;6,3;203,12;186,36;339,44;0,64;13,34;21,53;214,9;117,47;31,57;321,99;601,91;15059;22,73;0,96;6;"Hibiscus tiliaceus G";"N";0;0,52;0;0,26;0,26;0,26;7,33;7,33;124,72;16,33;16,33;0;0,82;3,14;54,07;47,31;64,59;0,07;1,55;7,88;23,7;26,52;3,96;23,45;71,06;2476;4,89;0;16,8501830660524;19,9951022407249;25,4249046132501;31,3253012048193;16,4419948203732;11,8057516904521;7,28283487064816;22,575976845152;10,9375;21,5134183897932
"36";37;"Myodocarpus fraxinifolius";"F";26,6;1,5;65,3;9,42;0,58;9,42;68;68;782,48;91,67;91,67;1;0,5;8,08;103,27;90,48;496,1;0,76;15,36;17,39;140,79;91,28;20,68;417,65;21,3;8031,59;53,51;1,21;6;"Myodocarpus fraxinifolius";"F";0;0;0;0,2;0,2;0,2;41,32;41,32;33,3;6,06;6,06;0;0,55;3,53;21,29;19,77;47,56;0,13;1,71;6,57;20,24;21,63;3,85;32,81;7,17;1243,29;11,25;0;4,25569982619364;6,61066870295626;60,7647058823529;34,4827586206897;15,4799983564898;33,6619718309859;7,8558601699988;23,6963190184049;17,1052631578947;21,0241076434311
"37";38;"Agathis lanceolata";"";26,6;1,5;65,3;7,42;2,58;7,42;87,17;87,17;730,98;50,83;50,83;1;11,83;4,28;97,78;88,62;505,98;0,83;15,48;15,2;121,86;108,65;6,12;458,23;18,85;4454,11;111,92;1,21;6;"Agathis lanceolata";"";0;0;0;0,8;0,8;0,8;48,18;48,18;98,85;25,18;25,18;0;6,68;1,27;5,91;3,25;14,9;0,17;2,55;6,72;31,24;33,25;2,41;61,21;3,82;1112,86;41,36;0;13,5229418041533;49,5376746016132;55,2713089365607;31,0077519379845;24,985013841149;20,2652519893899;13,3579206948476;30,6028531983433;20,4819277108434;36,9549678341673
"38";39;"Calophyllum caledonicum";"F";26,6;1,5;65,3;8,4;1,6;8,4;33;33;744,04;38;38;1;8,6;4,39;96,14;85,1;511,55;0,63;12,01;15,3;128,13;96,6;13,86;438,86;31,76;5560,48;80,28;1,21;5;"Calophyllum caledonicum";"F";0;0;0;0,89;0,89;0,89;10,2;10,2;41,16;10,37;10,37;0;3,21;1,04;12,77;12,7;32,82;0,06;1,27;5,35;6,61;8,09;3,19;12,46;9,37;691,88;12,09;0;5,53196064727703;27,2894736842105;30,9090909090909;55,625;12,4428106926021;29,5025188916877;2,83917422412615;8,37474120082816;9,52380952380952;15,0597907324365
"39";40;"Diospyros fasciculosa";"L";27,4;1,4;75;9,33;0,67;9,33;20,33;20,33;709,98;33,33;33,33;1;7,5;2,21;86,77;73,44;536,18;0,48;9,1;10,66;103,67;58,12;22,36;492,48;35,83;9212,55;55,47;0,91;6;"Diospyros fasciculosa";"L";0;0;0;0,26;0,26;0,26;7,76;7,76;51,41;25,63;25,63;0;2,07;0,33;7,81;7,36;22,16;0,1;1,63;4,02;7,52;11,74;4,85;18,2;10,29;1322,31;8,61;0;7,24104904363503;76,8976897689769;38,170191834727;38,8059701492537;14,3533549343016;28,7189506000558;3,69558154645874;20,1995870612526;20,8333333333333;15,5219037317469
"40";41;"Acronychia laevis";"L";27,4;1,4;75;9,33;0,67;9,33;15,83;15,83;518,97;40;40;1;13,83;1,58;100,06;75,67;503,26;0,41;7,78;11,42;236,43;144,84;28,13;302,32;20,99;17628,53;18,24;0,91;6;"Acronychia laevis";"L";0;0;0;0,26;0,26;0,26;3,25;3,25;141,6;17,61;17,61;0;4,96;0,45;17,79;12,87;46,06;0,04;0,84;4,39;26,74;33,24;5,77;26,7;7,44;1753,82;4,52;0;27,284814151107;44,025;20,5306380290587;38,8059701492537;9,94875919886684;35,4454502143878;8,83170150833554;22,9494614747307;9,75609756097561;24,780701754386
"41";42;"Codiaeum peltatum";"L";27,4;1,4;75;8,7;1,3;8,7;14;14;636,68;20;20;1;5,4;1,95;89,51;73,33;528,97;0,52;9,83;4,41;208,95;183,09;8,43;325,39;21,82;12040,03;27,66;0,91;5;"Codiaeum peltatum";"L";0;0;0;0,97;0,97;0,97;4,9;4,9;134,52;10;10;0;1,52;0,54;10,4;8,45;29,71;0,1;1,91;1,31;15;15,63;0,72;14,92;3,36;916,41;2,98;0;21,1283533329145;50;35;74,6153846153846;7,61135977235937;15,3987167736022;4,58526691047666;8,53678518761265;19,2307692307692;10,7736804049168
"42";43;"Gardenia urvillei";"L";27,4;1,4;75;9,33;0,67;9,33;41,5;41,5;661,12;54,17;54,17;1;8,5;2,74;62,79;50,48;615,59;0,61;10,35;10,17;156,9;93,16;25,49;391,85;13,42;11969,04;33,7;0,91;6;"Gardenia urvillei";"L";0;0;0;0,26;0,26;0,26;27,75;27,75;55,77;20,35;20,35;0;0,84;2,95;8,1;7,03;31,08;0,05;1,16;6,24;18,73;33,35;8,02;29,6;2,29;1487,81;6,33;0;8,43568489835431;37,5669189588333;66,8674698795181;38,8059701492537;12,4304873239625;17,0640834575261;7,55391093530688;35,798626019751;8,19672131147541;18,7833827893175
"43";44;"Cordia dichotoma";"L";25,7;1,2;76,8;9,17;0,83;9,17;20;20;571,2;30;30;0,83;1,17;1,55;209,58;162,79;325,96;0,39;7,65;60,81;258,84;35,85;61,81;280,92;44,98;13672,88;21,61;0,77;5;"Cordia dichotoma";"L";0;0;0;0,26;0,26;0,26;7,18;7,18;211,12;14,83;14,83;0,41;1,17;0,98;34,39;15,88;31,82;0,09;1,68;29,77;26,49;23,54;7,2;20,64;7,04;2613,95;5,05;0;36,9607843137255;49,4333333333333;35,9;31,3253012048193;19,1177718227616;15,6514006224989;7,34728748398121;65,6624825662482;23,0769230769231;23,3688107357705
"44";45;"Lepidocupania arcuata";"L";25,7;1,2;76,8;8,67;1,33;8,67;29,17;29,17;776,28;56,67;56,67;1;8;2,18;71,54;59,47;585,69;0,57;9,78;28,58;92,47;22,02;36,58;519,91;20,82;7356,09;71,46;0,77;6;"Lepidocupania arcuata";"L";0;0;0;0,41;0,41;0,41;8,06;8,06;67,96;33,12;33,12;0;1,9;0,63;12,97;12,03;43,52;0,06;1,06;5,14;3,46;7,21;3,46;9,38;7,82;464,15;5,41;0;8,75457309218323;58,4436209634727;27,6311278711004;30,8270676691729;6,30973791783407;37,5600384245917;1,80415841203285;32,7429609445958;10,5263157894737;7,5706689056815
"45";46;"Scaevola montana";"";24,1;2,4;64,2;7,92;0,58;9,42;16,33;17,83;547,03;29,17;30,83;0,83;14,5;1,73;111,39;87,88;475,12;0,56;10,37;16,72;391,37;197,21;40,38;206,3;12,63;19918,39;10,78;1,08;5;"Scaevola montana";"";0;0;0;3,88;0,2;0,2;9,16;6,21;211,29;14,97;11,14;0,41;3,39;0,7;15,3;12,42;34,41;0,14;2,68;6,64;44,18;83,8;13,74;18,46;3,87;2665,98;2,17;0;38,6249383032009;36,1336360687642;34,828939988783;34,4827586206897;13,3845155155612;30,6413301662708;8,94813378574891;42,4927742000913;25;20,1298701298701
"46";47;"Alstonia vieillardii";"N";24,1;2,4;64,2;8,83;1,17;8,83;23,5;23,5;607,2;32,5;32,5;1;2;8,77;102,86;90;495,55;0,48;9,83;11,24;269,58;199,02;19,49;274,53;180,63;11360,97;25,48;1,08;6;"Alstonia vieillardii";"N";0;0;0;0,52;0,52;0,52;6,12;6,12;107,22;13,32;13,32;0;1,9;5,24;15,66;16,81;40,44;0,04;0,7;5,48;43,6;49,66;5,59;28,67;112,39;2092,44;6,88;0;17,6581027667984;40,9846153846154;26,0425531914894;44,4444444444444;18,4177935510788;62,2211149864364;10,4433030998434;24,9522661039092;8,33333333333333;27,0015698587127
"47";48;"Crossostylis grandiflora";"F";29,5;5;59,9;8,92;1,08;8,92;20,17;20,17;656,78;42,5;42,5;1;3,83;9,36;156,55;140,71;389,96;0,6;11,48;35,92;219,21;166,39;16,82;315,96;73,55;8886,56;37;1,65;6;"Crossostylis grandiflora";"F";0;0;0;0,2;0,2;0,2;7,99;7,99;45,78;26,6;26,6;0;1,83;5,27;5,82;8,84;8,77;0,05;0,77;15,86;12,71;18,66;3,59;11,41;17,13;840,59;3,35;0;6,97037059593776;62,5882352941177;39,6132870599901;18,5185185185185;9,45911578833655;23,2902787219579;3,61121660969743;11,2146162629966;8,33333333333333;9,05405405405405
"48";49;"Geissois racemosa";"F";29,5;5;59,9;9,08;0,92;9,08;34,17;34,17;748;70;70;1;1;4,21;114,23;103,96;494,6;0,74;13,77;43,79;169,52;99,4;25,85;373,56;118,54;9843,28;39,29;1,65;6;"Geissois racemosa";"F";0;0;0;0,2;0,2;0,2;11,77;11,77;44,05;22,36;22,36;0;1,67;1,58;47,34;44,03;152,93;0,33;3,7;28,1;20,56;16,67;5,62;28,26;44,2;1519,3;8,62;0;5,88903743315508;31,9428571428571;34,4454199590284;21,7391304347826;15,4348956851781;37,2869917327484;7,5650497911982;16,7706237424547;44,5945945945946;21,9394247900229
"49";50;"Glochidion billardierei";"";29,5;5;59,9;9,17;0,83;9,17;25,83;25,83;736,95;79,17;79,17;1;10;2,71;133,25;122,91;431,26;0,58;11,87;97,76;135,07;33,71;42,63;429,1;18,73;8681,63;51,94;1,65;6;"Glochidion billardierei";"";0;0;0;0,26;0,26;0,26;4,02;4,02;85,8;15,94;15,94;0;1,1;1,01;18,73;17,46;38,04;0,07;1,42;28,58;22,98;6,16;6,19;37,45;2,83;1824,13;12,82;0;11,6425809077956;20,1338890994063;15,5632984901278;31,3253012048193;21,0113768958133;15,1094500800854;8,72756933115824;18,2735093444082;12,0689655172414;24,6823257604929
"50";51;"Aleurites moluccana";"";29,5;5;59,9;9,08;0,92;9,08;19,5;19,5;674,53;39,17;39,17;1;0,67;9,98;208,86;196,61;329,36;0,55;12,32;28,66;218,84;158,44;19,31;316,34;132,15;11457,72;28,3;1,65;6;"Aleurites moluccana";"";0;0;0;0,2;0,2;0,2;7,58;7,58;104,78;18;18;0;1,21;3,56;45,11;42,86;46,24;0,08;1,52;15,17;14,37;27,56;9,02;12,06;42,66;761,44;2,3;0;15,5337790758009;45,9535358692877;38,8717948717949;21,7391304347826;6,64565026898894;32,2814982973893;3,81235379654802;17,3945973239081;14,5454545454545;8,12720848056537
"51";52;"Trema cannabina";"N";29,5;5;59,9;9,5;0,5;9,5;22;22;623,08;53,33;53,33;1;9,33;0,85;184,68;147,3;353,91;0,31;7,99;67,58;232,92;56,74;52,43;304,63;35,12;22892,86;13,71;1,65;6;"Trema cannabina";"N";0;0;0;0;0;0;3,58;3,58;58,59;24,22;24,22;0;4,37;0,58;27,51;31,2;32,89;0,05;1,13;20,95;12,16;21,51;6,59;12,95;8,33;1156,38;0,64;0;9,40328689734866;45,4153384586537;16,2727272727273;0;5,05126926037201;23,7186788154898;4,25105866132686;37,909763835037;16,1290322580645;4,66812545587163
"52";53;"Elaeocarpus angustifolius";"";26,1;1;77,4;9,5;0,5;9,5;18,33;18,33;700,57;57,5;57,5;1;7,5;2,08;136,93;116,03;422,64;0,44;9,27;31,1;152,04;90,24;24,44;398,05;23,68;11276,37;36,26;0,76;6;"Elaeocarpus angustifolius";"";0;1,1;0;0;0;0;6,98;6,98;71,24;18,64;18,64;0;2,43;1,28;9,6;8,96;16,89;0,06;0,87;11,54;13,18;13,84;7,55;20,05;3,39;1600,29;6,76;0;10,1688624976805;32,4173913043478;38,0796508456083;0;14,1915350418619;14,3158783783784;5,03705564627559;15,3368794326241;13,6363636363636;18,6431329288472
"53";54;"Erythrina variegata var. fastigiata";"N";26,1;1,33;77,4;9,5;0,5;9,5;27,33;27,33;661,8;81,67;81,67;1;3,5;1,83;171,9;154,96;370,77;0,55;10,36;60,64;239,82;104,7;40,56;298,59;31,37;19111,65;16,38;0,76;6;"Erythrina variegata var. fastigiata";"N";0;1,03;0;0;0;0;9,44;9,44;37,91;8,16;8,16;0;2,07;1,08;28,06;22,91;34,92;0,09;1,18;21,13;26,98;46,1;9,97;18,92;10,59;1662,96;0,82;0;5,72831671199758;9,99142892126852;34,540797658251;0;8,70128952759181;33,7583678673892;6,33644797213571;44,0305635148042;16,3636363636364;5,00610500610501
